Branch_ID,BranchName,dim_branch_key
BR0131,Audi Motors,1
BR0760,Healey Motors,2
BR0789,Hillman Motors,3
BR0938,Isotta Fraschini Motors,4
BR1040,Lada Motors,5
BR1693,Saleen Motors,6
BR1792,Simca do Brasil Motors,7
BR1799,Simca do Brasil Motors,8
BR1955,Toyota Motors,9
BR1978,Turner Motors,10
BR2068,Westfield Motors,11
BR2332,Bohn Motor Company Automobile Dealership,12
BR0151,Auto-Union Motors,13
BR0409,DAF Motors,14
BR0434,Datsun Motors,15
BR0599,"Fisker, Karma Motors",16
BR0753,Healey Motors,17
BR1143,Mahindra Motors,18
BR12246,Volkswagen South Africa Motors,19
BR1233,McLaren Motors,20
BR1558,Plymouth Motors,21
BR1795,Simca do Brasil Motors,22
BR1847,SsangYong Motors,23
BR1943,Tornado Motors,24
BR2054,Volvo Motors,25
BR2063,Westfield Motors,26
BR0019,Acura Motors,27
BR0145,Autobianchi Motors,28
BR0913,Isdera Motors,29
BR1340,Monteverdi Motors,30
BR1630,Ranger Motors,31
BR1865,Studebaker Motors,32
BR2139,Horch Motors,33
BR0274,Buick Motors,34
BR0308,Caterham Motors,35
BR0399,"Daewoo, Saehan, Chevrolet Korea Motors",36
BR0471,De Tomaso Motors,37
BR0731,GTA Spano Motors,38
BR0759,Healey Motors,39
BR1383,Nissan Motors,40
BR1664,Rolls-Royce Motors,41
BR1769,Seat Motors,42
BR2262,Ramani Motors,43
BR2352,Cadillac Automobile Company Building,44
BR0114,Asia Motors Motors,45
BR0462,DeSoto Motors,46
BR0699,Gilbern Motors,47
BR0793,Hindustan Motors,48
BR1479,Panhard Motors,49
BR2275,Deccan Motors,50
BR0138,Audi Motors,51
BR0202,Bond Motors,52
BR0700,Gilbern Motors,53
BR0988,Jensen Motors,54
BR9246,Piaggio Motors,55
BR0095,ARO Motors,56
BR0351,Chrysler Europe Motors,57
BR0368,Citroën Motors,58
BR0614,Ford Australia Motors,59
BR1248,Mercedes-Benz (including Maybach) Motors,60
BR1884,Sunbeam Motors,61
BR2035,Volkswagen do Brasil Motors,62
BR0070,"AMC, Eagle Motors",63
BR0251,"Austin, Rover Motors",64
BR0262,Bugatti Motors,65
BR1243,Mercedes-Benz (including Maybach) Motors,66
BR1289,Mia Motors,67
BR1405,Noble Motors,68
BR2033,Volkswagen do Brasil Motors,69
BR2329,Blankinship Motor Company Building,70
BR2385,Claremore Auto Dealership,71
BR0130,Aston Martin Motors,72
BR0891,Innocenti Motors,73
BR1177,Maruti Motors,74
BR1321,Monica Motors,75
BR13626,Deccan Motors,76
BR0064,"AMC, Eagle Motors",77
BR0673,GAZ Motors,78
BR0685,Geo Motors,79
BR0718,Glas Motors,80
BR1298,Micro Motors,81
BR1300,Micro Motors,82
BR1347,Morgan Motors,83
BR1373,Naza Motors,84
BR2337,Bohn Motor Company Automobile Dealership,85
BR0231,British Leyland Motors,86
BR0895,Innocenti Motors,87
BR1228,Mazzanti Motors,88
BR1617,Puma Motors,89
BR1637,Reliant Motors,90
BR1680,Saab Motors,91
BR1821,Smart Motors,92
BR1940,Tesla Motors,93
BR2391,Clemens Automobile Company Building,94
BR2467,Kindel Building,95
BR3186,Elva Motors,96
BR5466,Isdera Motors,97
BR9126,Peugeot Motors,98
BR0104,Artega Motors,99
BR0354,Chrysler Europe Motors,100
BR0494,Donkervoort Motors,101
BR0528,Eicher Polaris Motors,102
BR1074,Lexus Motors,103
BR1503,Peel Motors,104
BR1718,San Motors,105
BR1864,Studebaker Motors,106
BR1993,UAZ Motors,107
BR2217,Riley  Motors,108
BR0682,Geo Motors,109
BR0905,Invicta Motors,110
BR10686,Simca Motors,111
BR1325,Monica Motors,112
BR1568,Polestar Motors,113
BR1822,Smart Motors,114
BR2154,Maybach  Motors,115
BR0011,Acura Motors,116
BR0115,Asia Motors Motors,117
BR0223,Bristol Motors,118
BR0490,Dodge Motors,119
BR0625,Ford do Brasil Motors,120
BR1111,LTI Motors,121
BR1829,Smart Motors,122
BR2277,Deccan Motors,123
BR2369,Casa de cadillac,124
BR6066,Koenigsegg Motors,125
BR0512,e.GO Mobile Motors,126
BR0584,Fiat India Motors,127
BR1691,Saleen Motors,128
BR1845,SsangYong Motors,129
BR1932,Tesla Motors,130
BR0360,Chrysler Europe Motors,131
BR0388,Dacia Motors,132
BR0486,Ariel Motors,133
BR0811,Honda Motors,134
BR1105,Lotus Motors,135
BR1762,Seat Motors,136
BR1768,Seat Motors,137
BR1960,Toyota Motors,138
BR2322,Blankinship Motor Company Building,139
BR2412,H Street Playhouse,140
BR2440,Hupmobile Building,141
BR0058,Alvis Motors,142
BR0447,Delahaye Motors,143
BR0479,De Tomaso Motors,144
BR0501,Edsel Motors,145
BR0919,Isdera Motors,146
BR1152,Marcos Motors,147
BR2289,Herald Motors,148
BR9426,"Pontiac, Asüna Motors",149
BR0027,Aixam-Mega (including Arola) Motors,150
BR0411,Daihatsu Motors,151
BR1140,Lynx Motors,152
BR2087,Zastava Motors,153
BR2155,Maybach  Motors,154
BR2233,Standard  Motors,155
BR5406,Invicta Motors,156
BR0463,DeSoto Motors,157
BR0606,Artega Motors,158
BR0662,FSO Motors,159
BR1180,Maruti Motors,160
BR1380,Naza Motors,161
BR13986,Bohn Motor Company Automobile Dealership,162
BR1553,Plymouth Motors,163
BR1789,Simca Motors,164
BR1957,Toyota Motors,165
BR2025,Volkswagen Motors,166
BR2100,ZAZ Motors,167
BR2378,Cass Motor Sales,168
BR0089,Ariel Motors,169
BR0608,Ford America Motors,170
BR0941,Isuzu Motors,171
BR1273,Messerschmitt Motors,172
BR1860,Standard-Triumph Motors,173
BR1888,Sunbeam Motors,174
BR2142,Wanderer Motors,175
BR2319,2008 NRHP-listed,176
BR0264,Bugatti Motors,177
BR0498,Donkervoort Motors,178
BR0829,Honda India Motors,179
BR0890,Infiniti Motors,180
BR1044,Lamborghini Motors,181
BR13746,Zion Automobils,182
BR1398,Nissan India Motors,183
BR1877,Subaru Motors,184
BR1927,Tazzari Motors,185
BR2410,Colman Automotive Building,186
BR0534,Elva Motors,187
BR1442,Opel Motors,188
BR1722,Santa Matilde Motors,189
BR1990,TVR Motors,190
BR2070,Westfield Motors,191
BR2204,Austin  Motors,192
BR0204,Bond Motors,193
BR0717,Glas Motors,194
BR0947,Isuzu Motors,195
BR0983,Jensen Motors,196
BR1003,Kia Motors,197
BR11706,Toyota Motors,198
BR1232,McLaren Motors,199
BR1688,SAIC Motor Motors,200
BR1809,Singer Motors,201
BR1968,Toyota India Motors,202
BR2018,Venturi Motors,203
BR2022,Volkswagen Motors,204
BR2226,Cizeta-Moroder Motors,205
BR0235,British Leyland Motors,206
BR0634,Ford Europe Motors,207
BR0889,Infiniti Motors,208
BR1318,Mitsubishi Motors,209
BR1626,Buick Motors,210
BR2267,Ramani Motors,211
BR0591,"Fisker, Karma Motors",212
BR0642,Ford India Motors,213
BR0930,Iso Motors,214
BR1027,KTM Motors,215
BR1065,Land Rover Motors,216
BR1382,Nissan Motors,217
BR1749,Saturn Motors,218
BR2433,Hupmobile Building,219
BR8406,Noble Motors,220
BR0040,Alfa Romeo Motors,221
BR0218,Borgward (including Goliath and Lloyd) Motors,222
BR0337,Chevrolet India Motors,223
BR1162,Marlin Motors,224
BR0082,Ariel Motors,225
BR0164,Auverland Motors,226
BR0598,"Fisker, Karma Motors",227
BR0735,GTA Spano Motors,228
BR1063,Land Rover Motors,229
BR1579,"Pontiac, Asüna Motors",230
BR2149,Wanderer Motors,231
BR2168,Izh  Motors,232
BR0279,Buick Motors,233
BR0884,Infiniti Motors,234
BR1048,Lamborghini Motors,235
BR1094,Lincoln Motors,236
BR1292,Micro Motors,237
BR1323,Monica Motors,238
BR1395,Nissan India Motors,239
BR1424,Oldsmobile Motors,240
BR1477,Panhard Motors,241
BR1670,Rolls-Royce Motors,242
BR1708,Samsung Motors,243
BR2039,Volkswagen do Brasil Motors,244
BR2404,Colman Automotive Building,245
BR0270,Bugatti Motors,246
BR0275,Buick Motors,247
BR0378,Cizeta-Moroder Motors,248
BR0405,DAF Motors,249
BR0592,"Fisker, Karma Motors",250
BR0881,Infiniti Motors,251
BR0963,Jaguar Motors,252
BR1320,Mitsubishi Motors,253
BR1531,PGO Motors,254
BR1612,Puma Motors,255
BR1873,Subaru Motors,256
BR2077,Wiesmann Motors,257
BR2143,Wanderer Motors,258
BR2223,Wolseley  Motors,259
BR0509,Edsel Motors,260
BR1267,Merkur Motors,261
BR2225,Wolseley  Motors,262
BR0168,Auverland Motors,263
BR0318,Checker Motors,264
BR0362,Citroën Motors,265
BR0562,Fiat Motors,266
BR0738,GTA Spano Motors,267
BR0805,Holden Motors,268
BR0934,Isotta Fraschini Motors,269
BR1051,Lancia Motors,270
BR11466,Tatra Motors,271
BR1192,Mastretta Motors,272
BR1746,Cadillac Motors,273
BR1830,Smart Motors,274
BR2297,Zion Automobils,275
BR8046,Morgan Motors,276
BR0037,Alfa Romeo Motors,277
BR0268,Bugatti Motors,278
BR0367,Citroën Motors,279
BR1212,Mazda Motors,280
BR13806,Atlantic Motor Company,281
BR1491,Panther Motors,282
BR1750,Saturn Motors,283
BR1820,Skoda Motors,284
BR2037,Volkswagen do Brasil Motors,285
BR2248,Talbot  Motors,286
BR2280,Deccan Motors,287
BR7926,Monica Motors,288
BR1149,Mahindra Motors,289
BR1449,Opel Motors,290
BR6786,Lynx Motors,291
BR0059,Alvis Motors,292
BR0497,Donkervoort Motors,293
BR0561,Fiat Motors,294
BR0933,Isotta Fraschini Motors,295
BR1164,Marlin Motors,296
BR11946,UAZ Motors,297
BR1399,Nissan India Motors,298
BR1414,NSU Motors,299
BR1935,Tesla Motors,300
BR2210,Austin  Motors,301
BR3306,Ferrari Motors,302
BR3546,"Fisker, Karma Motors",303
BR0075,Anadol Motors,304
BR0135,Audi Motors,305
BR0163,Auverland Motors,306
BR0491,Donkervoort Motors,307
BR0647,Ford India Motors,308
BR0765,Heinkel Motors,309
BR10206,Samsung Motors,310
BR1353,Moskwitch Motors,311
BR1561,Polestar Motors,312
BR1828,Smart Motors,313
BR2062,Westfield Motors,314
BR2084,Zastava Motors,315
BR2383,Claremore Auto Dealership,316
BR0451,DeLorean Motors,317
BR0701,Ginetta Motors,318
BR0786,Audi Motors,319
BR1293,Micro Motors,320
BR2191,Morris  Motors,321
BR4146,Gilbern Motors,322
BR0285,Bytom Motors,323
BR0525,Eicher Polaris Motors,324
BR0714,Glas Motors,325
BR1452,Packard Motors,326
BR1660,Rivian Motors,327
BR2244,Talbot  Motors,328
BR5646,Isuzu Motors,329
BR0575,Fiat do Brasil Motors,330
BR0803,Holden Motors,331
BR1195,Mastretta Motors,332
BR1279,Messerschmitt Motors,333
BR1844,SsangYong Motors,334
BR2221,Wolseley  Motors,335
BR0553,Ferrari Motors,336
BR0579,Fiat do Brasil Motors,337
BR0841,Humber Motors,338
BR1045,Lamborghini Motors,339
BR1112,LTI Motors,340
BR12186,Volkswagen do Brasil Motors,341
BR12366,Westfield Motors,342
BR1460,Packard Motors,343
BR1597,Premier Motors,344
BR2192,Morris  Motors,345
BR0158,Auto-Union Motors,346
BR0243,Austin-Healey Motors,347
BR0298,Cadillac Motors,348
BR0771,Hennessey Motors,349
BR0857,Hummer Motors,350
BR1155,Marcos Motors,351
BR12786,Horch Motors,352
BR12966,Izh  Motors,353
BR2185,MG  Motors,354
BR7446,Mercedes-Benz (including Maybach) Motors,355
BR0172,Bentley Motors,356
BR0392,"Daewoo, Saehan, Chevrolet Korea Motors",357
BR0943,Isuzu Motors,358
BR1047,Lamborghini Motors,359
BR14706,Jones Motor Company,360
BR1598,Premier Motors,361
BR1755,Scion Motors,362
BR2005,Vauxhall Motors,363
BR2188,MG  Motors,364
BR0017,Acura Motors,365
BR0651,Freightliner Motors,366
BR0900,Innocenti Motors,367
BR1288,Mia Motors,368
BR1330,Monica Motors,369
BR1390,Nissan Motors,370
BR1862,Studebaker Motors,371
BR1871,Subaru Motors,372
BR1939,Tesla Motors,373
BR1951,Toyota Motors,374
BR2083,Zastava Motors,375
BR2415,H Street Playhouse,376
BR4086,Geo Motors,377
BR0708,Ginetta Motors,378
BR0801,Holden Motors,379
BR1220,Mazda Motors,380
BR1369,Nash Motors,381
BR1384,Nissan Motors,382
BR1464,Pagani Motors,383
BR1778,Shelby SuperCars Motors,384
BR2097,ZAZ Motors,385
BR1438,Oltcit Motors,386
BR1461,Pagani Motors,387
BR1771,Shelby SuperCars Motors,388
BR2445,Jennings Ford Automobile Dealership,389
BR2449,Jennings Ford Automobile Dealership,390
BR2706,DeLorean Motors,391
BR0347,Chrysler Motors,392
BR0353,Chrysler Europe Motors,393
BR0604,Ford America Motors,394
BR0770,Heinkel Motors,395
BR1632,Reliant Motors,396
BR2420,H Street Playhouse,397
BR4986,Hudson Motors,398
BR0980,Jeep Motors,399
BR1861,Studebaker Motors,400
BR1991,UAZ Motors,401
BR2308,Atlantic Motor Company,402
BR2452,Jones Motor Company,403
BR6486,Ligier Motors,404
BR0225,Bristol Motors,405
BR0269,Bugatti Motors,406
BR0300,Cadillac Motors,407
BR0415,Daihatsu Motors,408
BR0732,GTA Spano Motors,409
BR0927,Iso Motors,410
BR1608,Proton Motors,411
BR1913,Tatra Motors,412
BR1917,Tatra Motors,413
BR2047,Volkswagen South Africa Motors,414
BR2179,Lagonda  Motors,415
BR2237,Standard  Motors,416
BR2946,Donkervoort Motors,417
BR0001,AC Cars Motors,418
BR0018,Acura Motors,419
BR0304,Caterham Motors,420
BR0407,DAF Motors,421
BR0960,Iveco Motors,422
BR0989,Jensen Motors,423
BR10326,Santa Matilde Motors,424
BR1418,NSU Motors,425
BR1600,Premier Motors,426
BR1757,Scion Motors,427
BR1931,Tesla Motors,428
BR2072,Wiesmann Motors,429
BR2117,Audi Motors,430
BR7746,Micro Motors,431
BR0013,Acura Motors,432
BR0182,Bitter Motors,433
BR0219,Borgward (including Goliath and Lloyd) Motors,434
BR0252,"Austin, Rover Motors",435
BR0363,Citroën Motors,436
BR0792,Hindustan Motors,437
BR0877,"IFA (including Trabant, Wartburg, Barkas) Motors",438
BR0888,Infiniti Motors,439
BR0972,Jeep Motors,440
BR12006,Vauxhall Motors,441
BR1547,Piaggio Motors,442
BR2061,Westfield Motors,443
BR2158,Maybach  Motors,444
BR2252,Das Motors,445
BR2377,Cass Motor Sales,446
BR0505,Edsel Motors,447
BR10986,Spyker Motors,448
BR1351,Moskwitch Motors,449
BR1549,Piaggio Motors,450
BR1604,Proton Motors,451
BR1677,Saab Motors,452
BR1840,Spyker Motors,453
BR1863,Studebaker Motors,454
BR1919,Tatra Motors,455
BR2147,Wanderer Motors,456
BR2160,Maybach  Motors,457
BR2293,Zion Automobils,458
BR2406,DAF Motors,459
BR8106,Moskwitch Motors,460
BR0531,Elva Motors,461
BR0691,Gilbern Motors,462
BR0828,Honda India Motors,463
BR10566,Seat Motors,464
BR1067,Land Rover Motors,465
BR1812,Skoda Motors,466
BR1910,Tata Motors,467
BR2291,Zion Automobils,468
BR7866,Mitsubishi Motors,469
BR1270,Merkur Motors,470
BR13926,Blankinship Motor Company Building,471
BR1984,TVR Motors,472
BR2050,Volkswagen South Africa Motors,473
BR2213,Riley  Motors,474
BR2360,Cadillac Automobile Company Building,475
BR2646,Delahaye Motors,476
BR5046,Humber Motors,477
BR0065,"AMC, Eagle Motors",478
BR0313,Checker Motors,479
BR0393,"Daewoo, Saehan, Chevrolet Korea Motors",480
BR0802,Holden Motors,481
BR1413,NSU Motors,482
BR1681,SAIC Motor Motors,483
BR1735,Santana Motors,484
BR1752,Scion Motors,485
BR2064,Westfield Motors,486
BR2125,DKW Motors,487
BR0189,Bitter Motors,488
BR0513,e.GO Mobile Motors,489
BR0544,Facel Vega Motors,490
BR0775,Hennessey Motors,491
BR1445,Opel Motors,492
BR1654,Rivian Motors,493
BR1743,Saturn Motors,494
BR2046,Chrysler Motors,495
BR2138,Horch Motors,496
BR0006,AC Cars Motors,497
BR0139,Audi Motors,498
BR0649,Ford India Motors,499
BR1050,Lamborghini Motors,500
BR1071,Lexus Motors,501
BR12486,Zastava Motors,502
BR1307,Mini Motors,503
BR1661,Rolls-Royce Motors,504
BR1832,Spyker Motors,505
BR1934,Tesla Motors,506
BR2065,Westfield Motors,507
BR2129,DKW Motors,508
BR2441,Jennings Ford Automobile Dealership,509
BR0153,Auto-Union Motors,510
BR0968,Jaguar Motors,511
BR11586,Tesla Motors,512
BR1255,Mercury Motors,513
BR1402,Noble Motors,514
BR1965,Toyota India Motors,515
BR1969,Toyota India Motors,516
BR2085,Zastava Motors,517
BR2288,Herald Motors,518
BR5706,Iveco Motors,519
BR0461,DeSoto Motors,520
BR0568,Fiat Motors,521
BR0666,Asia Motors Motors,522
BR0773,Hennessey Motors,523
BR0852,Hummer Motors,524
BR1322,Monica Motors,525
BR0032,Alfa Romeo Motors,526
BR0212,Borgward (including Goliath and Lloyd) Motors,527
BR0728,GMC Motors,528
BR0861,Hyundai Motors,529
BR0868,Hyundai Motors,530
BR0966,Auverland Motors,531
BR1182,Maserati Motors,532
BR0762,Heinkel Motors,533
BR13506,Das Motors,534
BR14586,Hupmobile Building,535
BR1628,Ranger Motors,536
BR1658,Rivian Motors,537
BR1711,San Motors,538
BR1763,Seat Motors,539
BR1989,TVR Motors,540
BR2468,Kindel Building,541
BR0031,Alfa Romeo Motors,542
BR0121,Aston Martin Motors,543
BR0171,Bentley Motors,544
BR0500,Donkervoort Motors,545
BR0638,Ford Europe Motors,546
BR0650,Ford India Motors,547
BR1017,Koenigsegg Motors,548
BR10746,Simca do Brasil Motors,549
BR1263,Merkur Motors,550
BR1403,Noble Motors,551
BR1947,Tornado Motors,552
BR2447,Jennings Ford Automobile Dealership,553
BR3246,Facel Vega Motors,554
BR0169,Auverland Motors,555
BR0517,e.GO Mobile Motors,556
BR0911,Isdera Motors,557
BR1197,Mastretta Motors,558
BR1525,Peugeot Motors,559
BR1529,Peugeot Motors,560
BR1564,Polestar Motors,561
BR1577,"Pontiac, Asüna Motors",562
BR1592,Premier Motors,563
BR1855,Standard-Triumph Motors,564
BR2150,Wanderer Motors,565
BR0315,Checker Motors,566
BR0408,DAF Motors,567
BR0502,Edsel Motors,568
BR0504,Edsel Motors,569
BR0572,Fiat do Brasil Motors,570
BR0617,Ford Australia Motors,571
BR0794,Hindustan Motors,572
BR0849,Humber Motors,573
BR0958,Iveco Motors,574
BR0995,JPX Motors,575
BR13026,Lagonda  Motors,576
BR1574,"Pontiac, Asüna Motors",577
BR1594,Premier Motors,578
BR1731,Santana Motors,579
BR1944,Tornado Motors,580
BR2115,Audi Motors,581
BR0125,Aston Martin Motors,582
BR0297,Cadillac Motors,583
BR0372,Cizeta-Moroder Motors,584
BR0798,Hindustan Motors,585
BR0939,Isotta Fraschini Motors,586
BR1302,Mini Motors,587
BR1377,Naza Motors,588
BR14226,Cass Motor Sales,589
BR14526,Howard Motor Company Building,590
BR1463,Pagani Motors,591
BR1473,Panhard Motors,592
BR1952,Toyota Motors,593
BR2021,Volkswagen Motors,594
BR5886,Jensen Motors,595
BR0053,Alvis Motors,596
BR0054,Alvis Motors,597
BR0514,e.GO Mobile Motors,598
BR0744,Gumpert Motors,599
BR1012,Koenigsegg Motors,600
BR1159,Marcos Motors,601
BR1444,Opel Motors,602
BR1721,Santa Matilde Motors,603
BR1753,Scion Motors,604
BR2090,Zastava Motors,605
BR2399,Clemens Automobile Company Building,606
BR0140,Audi Motors,607
BR0690,Geo Motors,608
BR0922,Iso Motors,609
BR1349,Morgan Motors,610
BR1737,Santana Motors,611
BR1949,Tornado Motors,612
BR4806,Holden Motors,613
BR5826,Jeep Motors,614
BR8646,Opel Motors,615
BR0352,Chrysler Europe Motors,616
BR0458,DeLorean Motors,617
BR0784,Hillman Motors,618
BR1230,Mazzanti Motors,619
BR1425,Oldsmobile Motors,620
BR1967,Toyota India Motors,621
BR2091,ZAZ Motors,622
BR2429,Howard Motor Company Building,623
BR5346,Innocenti Motors,624
BR0144,Autobianchi Motors,625
BR1098,Lincoln Motors,626
BR1239,McLaren Motors,627
BR1747,Saturn Motors,628
BR1849,SsangYong Motors,629
BR2464,Kindel Building,630
BR9186,PGO Motors,631
BR0068,"AMC, Eagle Motors",632
BR0291,Cadillac Motors,633
BR0452,DeLorean Motors,634
BR0672,GAZ Motors,635
BR0688,Geo Motors,636
BR0778,Hennessey Motors,637
BR10506,Scion Motors,638
BR1208,"Matra (including Deutsch-Bonnet, René Bonnet) Motors",639
BR1290,Mia Motors,640
BR1343,Morgan Motors,641
BR1541,Piaggio Motors,642
BR1915,Tatra Motors,643
BR2048,Volkswagen South Africa Motors,644
BR2455,Jones Motor Company,645
BR2470,Kindel Building,646
BR0092,ARO Motors,647
BR0111,Asia Motors Motors,648
BR0383,Dacia Motors,649
BR0423,Daimler Motors,650
BR0713,Glas Motors,651
BR0817,Honda Motors,652
BR0928,Iso Motors,653
BR0993,JPX Motors,654
BR1061,Land Rover Motors,655
BR1301,Mini Motors,656
BR1605,Proton Motors,657
BR2075,Wiesmann Motors,658
BR2161,Izh  Motors,659
BR2178,Lagonda  Motors,660
BR0014,Acura Motors,661
BR0232,British Leyland Motors,662
BR0271,Buick Motors,663
BR0559,Ferrari Motors,664
BR0707,Ginetta Motors,665
BR0722,GMC Motors,666
BR0918,Isdera Motors,667
BR1163,Marlin Motors,668
BR1615,Puma Motors,669
BR2123,DKW Motors,670
BR2437,Hupmobile Building,671
BR2443,Jennings Ford Automobile Dealership,672
BR0101,Artega Motors,673
BR0112,Asia Motors Motors,674
BR0222,Bristol Motors,675
BR0230,Bristol Motors,676
BR1015,Koenigsegg Motors,677
BR1141,Mahindra Motors,678
BR1358,Moskwitch Motors,679
BR1922,Tazzari Motors,680
BR2402,Colman Automotive Building,681
BR0552,Ferrari Motors,682
BR0658,Freightliner Motors,683
BR0859,Hummer Motors,684
BR1310,Mini Motors,685
BR1391,Nissan India Motors,686
BR1714,San Motors,687
BR1945,Tornado Motors,688
BR2263,Ramani Motors,689
BR0069,"AMC, Eagle Motors",690
BR0198,BMW Motors,691
BR0621,Ford do Brasil Motors,692
BR0997,JPX Motors,693
BR1215,Mazda Motors,694
BR1407,Noble Motors,695
BR2024,Volkswagen Motors,696
BR0863,Hyundai Motors,697
BR0967,Jaguar Motors,698
BR1412,NSU Motors,699
BR1435,Oltcit Motors,700
BR1710,Samsung Motors,701
BR1929,Tazzari Motors,702
BR2134,Horch Motors,703
BR2230,Wolseley  Motors,704
BR2295,Zion Automobils,705
BR4446,Gumpert Motors,706
BR0519,e.GO Mobile Motors,707
BR0660,Freightliner Motors,708
BR11106,Standard-Triumph Motors,709
BR1404,Noble Motors,710
BR1869,Studebaker Motors,711
BR1880,Subaru Motors,712
BR2071,Wiesmann Motors,713
BR2232,Standard  Motors,714
BR2427,Howard Motor Company Building,715
BR4746,Hindustan Motors,716
BR0044,Alpine Motors,717
BR0539,Elva Motors,718
BR1093,Lincoln Motors,719
BR1241,Mercedes-Benz (including Maybach) Motors,720
BR1408,Noble Motors,721
BR14766,Kindel Building,722
BR1689,SAIC Motor Motors,723
BR1700,Saleen Motors,724
BR2372,Cass Motor Sales,725
BR0129,Aston Martin Motors,726
BR0211,Borgward (including Goliath and Lloyd) Motors,727
BR0321,Chevrolet Motors,728
BR0433,Datsun Motors,729
BR0607,Ford America Motors,730
BR0764,Heinkel Motors,731
BR0984,Jensen Motors,732
BR2159,Maybach  Motors,733
BR0009,AC Cars Motors,734
BR0783,Hillman Motors,735
BR0878,"IFA (including Trabant, Wartburg, Barkas) Motors",736
BR1483,Panoz Motors,737
BR2171,Lagonda  Motors,738
BR2323,Blankinship Motor Company Building,739
BR2362,Casa de cadillac,740
BR0254,"Austin, Rover Motors",741
BR0823,Honda India Motors,742
BR14166,Casa de cadillac,743
BR1540,PGO Motors,744
BR1613,Puma Motors,745
BR1892,Suzuki Motors,746
BR1948,Tornado Motors,747
BR1959,Toyota Motors,748
BR2106,Chrysler Europe Motors,749
BR7386,McLaren Motors,750
BR0021,Aixam-Mega (including Arola) Motors,751
BR0385,Dacia Motors,752
BR1083,Ligier Motors,753
BR1179,Maruti Motors,754
BR1240,McLaren Motors,755
BR14406,Colman Automotive Building,756
BR2017,Venturi Motors,757
BR2428,Howard Motor Company Building,758
BR0195,BMW Motors,759
BR0247,Austin-Healey Motors,760
BR0709,Ginetta Motors,761
BR0710,Ginetta Motors,762
BR1671,Saab Motors,763
BR2407,Colman Automotive Building,764
BR0328,Chevrolet Motors,765
BR0350,Chrysler Motors,766
BR0395,"Daewoo, Saehan, Chevrolet Korea Motors",767
BR0581,Fiat India Motors,768
BR0627,Ford do Brasil Motors,769
BR0755,Healey Motors,770
BR1117,LTI Motors,771
BR1305,Mini Motors,772
BR1332,Monteverdi Motors,773
BR1378,Naza Motors,774
BR2285,Herald Motors,775
BR2353,Cadillac Automobile Company Building,776
BR7686,Mia Motors,777
BR0048,Alpine Motors,778
BR0293,Cadillac Motors,779
BR0301,Caterham Motors,780
BR0429,Daimler Motors,781
BR0585,Fiat India Motors,782
BR0720,Glas Motors,783
BR0787,Hillman Motors,784
BR0871,"IFA (including Trabant, Wartburg, Barkas) Motors",785
BR1025,KTM Motors,786
BR2095,ZAZ Motors,787
BR2133,Horch Motors,788
BR0005,AC Cars Motors,789
BR0791,Hindustan Motors,790
BR0846,Autobianchi Motors,791
BR0883,Infiniti Motors,792
BR1088,Ligier Motors,793
BR1181,Maserati Motors,794
BR1565,Polestar Motors,795
BR2367,Casa de cadillac,796
BR2380,Cass Motor Sales,797
BR6546,Lincoln Motors,798
BR9066,Perodua Motors,799
BR0045,Alpine Motors,800
BR1223,Mazzanti Motors,801
BR12666,Audi Motors,802
BR1364,Nash Motors,803
BR1601,Proton Motors,804
BR1878,Subaru Motors,805
BR2042,Volkswagen South Africa Motors,806
BR0473,De Tomaso Motors,807
BR1053,Lancia Motors,808
BR1244,Mercedes-Benz (including Maybach) Motors,809
BR1785,Simca Motors,810
BR2101,ZIL Motors,811
BR2165,Izh  Motors,812
BR7146,Mastretta Motors,813
BR0126,Aixam-Mega (including Arola) Motors,814
BR0359,Chrysler Europe Motors,815
BR0611,Ford Australia Motors,816
BR1104,Lotus Motors,817
BR1174,Maruti Motors,818
BR1277,Messerschmitt Motors,819
BR1419,NSU Motors,820
BR1510,Peel Motors,821
BR1653,Rivian Motors,822
BR1780,Shelby SuperCars Motors,823
BR2135,Horch Motors,824
BR2167,Izh  Motors,825
BR2371,Cass Motor Sales,826
BR3606,Ford America Motors,827
BR0143,Autobianchi Motors,828
BR1283,Mia Motors,829
BR1328,Monica Motors,830
BR1783,Simca Motors,831
BR0727,GMC Motors,832
BR0892,Innocenti Motors,833
BR1123,LuAZ Motors,834
BR12906,Maybach  Motors,835
BR1690,SAIC Motor Motors,836
BR1843,SsangYong Motors,837
BR2067,Westfield Motors,838
BR2099,ZAZ Motors,839
BR0057,Alvis Motors,840
BR0929,Iso Motors,841
BR1842,SsangYong Motors,842
BR0073,Anadol Motors,843
BR0492,Donkervoort Motors,844
BR0565,Fiat Motors,845
BR0851,Hummer Motors,846
BR1032,Lada Motors,847
BR1190,Maserati Motors,848
BR1410,Noble Motors,849
BR1678,Saab Motors,850
BR2082,Zastava Motors,851
BR2124,DKW Motors,852
BR2131,Horch Motors,853
BR2247,Talbot  Motors,854
BR2460,Jones Motor Company,855
BR3786,Ford Europe Motors,856
BR0080,Anadol Motors,857
BR0085,Ariel Motors,858
BR0220,Borgward (including Goliath and Lloyd) Motors,859
BR0342,Chrysler Motors,860
BR0624,Ford do Brasil Motors,861
BR0730,GMC Motors,862
BR0845,Humber Motors,863
BR0935,Isotta Fraschini Motors,864
BR1055,Lancia Motors,865
BR1326,Bristol Motors,866
BR1867,Studebaker Motors,867
BR1895,Suzuki Motors,868
BR2153,Maybach  Motors,869
BR2184,MG  Motors,870
BR2250,Talbot  Motors,871
BR2282,Herald Motors,872
BR6606,Lotus Motors,873
BR0152,Auto-Union Motors,874
BR0842,Humber Motors,875
BR1291,Micro Motors,876
BR2199,Morris  Motors,877
BR2451,Jones Motor Company,878
BR0029,Aixam-Mega (including Arola) Motors,879
BR0033,Alfa Romeo Motors,880
BR0229,Bristol Motors,881
BR0457,DeLorean Motors,882
BR0605,Ford America Motors,883
BR0950,Isuzu Motors,884
BR0990,Jensen Motors,885
BR1585,Porsche Motors,886
BR1672,Saab Motors,887
BR4026,GAZ Motors,888
BR0424,Daimler Motors,889
BR0971,Jeep Motors,890
BR1114,LTI Motors,891
BR1258,Mercury Motors,892
BR1488,Panoz Motors,893
BR1679,Saab Motors,894
BR2172,Lagonda  Motors,895
BR2462,Kindel Building,896
BR0094,ARO Motors,897
BR0357,Chrysler Europe Motors,898
BR0417,Daihatsu Motors,899
BR0854,Hummer Motors,900
BR1014,Koenigsegg Motors,901
BR1245,Mercedes-Benz (including Maybach) Motors,902
BR1295,Micro Motors,903
BR1625,Ranger Motors,904
BR1683,SAIC Motor Motors,905
BR1742,Saturn Motors,906
BR1827,Smart Motors,907
BR1975,Turner Motors,908
BR0120,Asia Motors Motors,909
BR0382,Dacia Motors,910
BR0470,DeSoto Motors,911
BR1034,Lada Motors,912
BR10626,Shelby SuperCars Motors,913
BR1099,Lincoln Motors,914
BR2351,Cadillac Automobile Company Building,915
BR2394,Clemens Automobile Company Building,916
BR0310,Caterham Motors,917
BR0602,Ford America Motors,918
BR0694,Gilbern Motors,919
BR1668,Rolls-Royce Motors,920
BR2148,Wanderer Motors,921
BR2309,Atlantic Motor Company,922
BR0546,ARO Motors,923
BR0678,GAZ Motors,924
BR1569,Polestar Motors,925
BR1570,Polestar Motors,926
BR1811,Skoda Motors,927
BR1882,Sunbeam Motors,928
BR1901,Tata Motors,929
BR1937,Tesla Motors,930
BR1988,TVR Motors,931
BR2034,Volkswagen do Brasil Motors,932
BR2334,Bohn Motor Company Automobile Dealership,933
BR0074,Anadol Motors,934
BR0103,Artega Motors,935
BR0338,Chevrolet India Motors,936
BR0418,Daihatsu Motors,937
BR0435,Datsun Motors,938
BR0533,Elva Motors,939
BR0879,"IFA (including Trabant, Wartburg, Barkas) Motors",940
BR1512,Perodua Motors,941
BR2234,Standard  Motors,942
BR2245,Talbot  Motors,943
BR2283,Herald Motors,944
BR2438,Hupmobile Building,945
BR8466,NSU Motors,946
BR8766,Pagani Motors,947
BR0961,Jaguar Motors,948
BR1471,Panhard Motors,949
BR1603,Proton Motors,950
BR1879,Subaru Motors,951
BR2211,Riley  Motors,952
BR2320,2008 NRHP-listed,953
BR0020,Acura Motors,954
BR0339,Chevrolet India Motors,955
BR0375,Cizeta-Moroder Motors,956
BR0404,DAF Motors,957
BR0752,Healey Motors,958
BR1315,Mitsubishi Motors,959
BR1392,Nissan India Motors,960
BR1542,Piaggio Motors,961
BR2302,Atlantic Motor Company,962
BR0397,"Daewoo, Saehan, Chevrolet Korea Motors",963
BR0675,GAZ Motors,964
BR11526,Tazzari Motors,965
BR1619,Puma Motors,966
BR1798,Simca do Brasil Motors,967
BR1994,UAZ Motors,968
BR2342,Buick Automobile Company Building,969
BR7506,Mercury Motors,970
BR0049,Alpine Motors,971
BR0640,Ford Europe Motors,972
BR0653,Freightliner Motors,973
BR0897,Innocenti Motors,974
BR1520,Perodua Motors,975
BR1621,Ranger Motors,976
BR2008,Vauxhall Motors,977
BR2170,Izh  Motors,978
BR2526,Daimler Motors,979
BR3006,Edsel Motors,980
BR8226,Naza Motors,981
BR0170,Auverland Motors,982
BR0843,Humber Motors,983
BR1249,Mercedes-Benz (including Maybach) Motors,984
BR1552,Plymouth Motors,985
BR2258,Das Motors,986
BR0084,Ariel Motors,987
BR0610,Ford America Motors,988
BR1077,Lexus Motors,989
BR1101,Lotus Motors,990
BR1107,Lotus Motors,991
BR1209,"Matra (including Deutsch-Bonnet, René Bonnet) Motors",992
BR1235,McLaren Motors,993
BR1417,NSU Motors,994
BR1519,Perodua Motors,995
BR1524,Peugeot Motors,996
BR1640,Reliant Motors,997
BR2110,ZIL Motors,998
BR2307,Atlantic Motor Company,999
BR2457,Jones Motor Company,1000
BR5106,Hummer Motors,1001
BR6306,Lancia Motors,1002
BR0108,Artega Motors,1003
BR0380,Cizeta-Moroder Motors,1004
BR0577,Fiat do Brasil Motors,1005
BR0812,Honda Motors,1006
BR0865,Hyundai Motors,1007
BR1202,"Matra (including Deutsch-Bonnet, René Bonnet) Motors",1008
BR1504,Peel Motors,1009
BR1833,Spyker Motors,1010
BR2041,Volkswagen South Africa Motors,1011
BR2313,2008 NRHP-listed,1012
BR3726,Ford do Brasil Motors,1013
BR7326,Mazzanti Motors,1014
BR0334,Chevrolet India Motors,1015
BR0364,Citroën Motors,1016
BR0371,Cizeta-Moroder Motors,1017
BR0485,Dodge Motors,1018
BR0909,Invicta Motors,1019
BR0921,Iso Motors,1020
BR0267,Bugatti Motors,1021
BR0410,DAF Motors,1022
BR0469,DeSoto Motors,1023
BR0654,Freightliner Motors,1024
BR1528,Peugeot Motors,1025
BR2183,MG  Motors,1026
BR2264,Ramani Motors,1027
BR0041,Alpine Motors,1028
BR0122,Aston Martin Motors,1029
BR0349,Chrysler Motors,1030
BR0906,Auto-Union Motors,1031
BR0973,Jeep Motors,1032
BR1168,Marlin Motors,1033
BR1231,McLaren Motors,1034
BR1518,Perodua Motors,1035
BR1639,Reliant Motors,1036
BR2290,Herald Motors,1037
BR0302,Caterham Motors,1038
BR0468,DeSoto Motors,1039
BR0477,De Tomaso Motors,1040
BR0768,Heinkel Motors,1041
BR0824,Honda India Motors,1042
BR1008,Kia Motors,1043
BR1674,Saab Motors,1044
BR1697,Saleen Motors,1045
BR1715,San Motors,1046
BR1782,Simca Motors,1047
BR1797,Simca do Brasil Motors,1048
BR1924,Tazzari Motors,1049
BR4686,Hillman Motors,1050
BR8826,Panhard Motors,1051
BR0322,Chevrolet Motors,1052
BR0724,GMC Motors,1053
BR0994,JPX Motors,1054
BR1173,Maruti Motors,1055
BR1692,Saleen Motors,1056
BR1875,Subaru Motors,1057
BR0004,AC Cars Motors,1058
BR0067,"AMC, Eagle Motors",1059
BR0459,DeLorean Motors,1060
BR0488,Dodge Motors,1061
BR0663,FSO Motors,1062
BR0711,Glas Motors,1063
BR0747,Gumpert Motors,1064
BR0894,Innocenti Motors,1065
BR1039,Lada Motors,1066
BR14046,Buick Automobile Company Building,1067
BR1440,Oltcit Motors,1068
BR1492,Panther Motors,1069
BR1557,Plymouth Motors,1070
BR2388,Claremore Auto Dealership,1071
BR0224,Bristol Motors,1072
BR1303,Mini Motors,1073
BR1304,Mini Motors,1074
BR13086,MG  Motors,1075
BR1567,Polestar Motors,1076
BR1659,Rivian Motors,1077
BR1725,Santa Matilde Motors,1078
BR2104,ZIL Motors,1079
BR6426,Lexus Motors,1080
BR0697,Gilbern Motors,1081
BR0781,Hillman Motors,1082
BR0931,Isotta Fraschini Motors,1083
BR1070,Land Rover Motors,1084
BR1130,LuAZ Motors,1085
BR1397,Nissan India Motors,1086
BR1595,Premier Motors,1087
BR1985,TVR Motors,1088
BR2011,Venturi Motors,1089
BR2089,Zastava Motors,1090
BR0484,Dodge Motors,1091
BR0899,Innocenti Motors,1092
BR1379,Naza Motors,1093
BR1903,Tata Motors,1094
BR0303,Caterham Motors,1095
BR0523,Eicher Polaris Motors,1096
BR0538,Elva Motors,1097
BR1363,Nash Motors,1098
BR1459,Packard Motors,1099
BR1837,Spyker Motors,1100
BR1918,Tatra Motors,1101
BR2281,Herald Motors,1102
BR0025,Aixam-Mega (including Arola) Motors,1103
BR1068,Land Rover Motors,1104
BR1135,Lynx Motors,1105
BR1560,Plymouth Motors,1106
BR1717,San Motors,1107
BR1923,Tazzari Motors,1108
BR1964,Toyota India Motors,1109
BR4266,Glas Motors,1110
BR0159,Auto-Union Motors,1111
BR0331,Chevrolet India Motors,1112
BR0681,Geo Motors,1113
BR0703,Ginetta Motors,1114
BR0832,Hudson Motors,1115
BR0880,"IFA (including Trabant, Wartburg, Barkas) Motors",1116
BR0999,JPX Motors,1117
BR1974,Turner Motors,1118
BR2180,Lagonda  Motors,1119
BR0923,Iso Motors,1120
BR0953,Iveco Motors,1121
BR1498,Panther Motors,1122
BR1583,Porsche Motors,1123
BR1709,Samsung Motors,1124
BR1723,Santa Matilde Motors,1125
BR1920,Tatra Motors,1126
BR2222,Wolseley  Motors,1127
BR2231,Standard  Motors,1128
BR2273,Deccan Motors,1129
BR2327,Blankinship Motor Company Building,1130
BR0077,Anadol Motors,1131
BR0344,Chrysler Motors,1132
BR0774,Hennessey Motors,1133
BR0901,Invicta Motors,1134
BR1193,Mastretta Motors,1135
BR1199,Mastretta Motors,1136
BR1227,Mazzanti Motors,1137
BR1317,Mitsubishi Motors,1138
BR1428,Oldsmobile Motors,1139
BR1589,Porsche Motors,1140
BR1634,Reliant Motors,1141
BR1894,Suzuki Motors,1142
BR0387,Dacia Motors,1143
BR0426,Anadol Motors,1144
BR0573,Fiat do Brasil Motors,1145
BR1234,McLaren Motors,1146
BR1401,Noble Motors,1147
BR1578,"Pontiac, Asüna Motors",1148
BR1788,Simca Motors,1149
BR1805,Singer Motors,1150
BR2144,Wanderer Motors,1151
BR2243,Talbot  Motors,1152
BR0154,Auto-Union Motors,1153
BR0193,BMW Motors,1154
BR0439,Datsun Motors,1155
BR0910,Invicta Motors,1156
BR1360,Moskwitch Motors,1157
BR1649,Renault Motors,1158
BR1804,Singer Motors,1159
BR1963,Toyota India Motors,1160
BR2019,Venturi Motors,1161
BR0098,ARO Motors,1162
BR0141,Autobianchi Motors,1163
BR0442,Delahaye Motors,1164
BR0590,Fiat India Motors,1165
BR10086,SAIC Motor Motors,1166
BR1043,Lamborghini Motors,1167
BR1222,Mazzanti Motors,1168
BR1393,Nissan India Motors,1169
BR2031,Volkswagen do Brasil Motors,1170
BR2187,MG  Motors,1171
BR2207,Austin  Motors,1172
BR2240,Standard  Motors,1173
BR2361,Casa de cadillac,1174
BR2392,Clemens Automobile Company Building,1175
BR5946,JPX Motors,1176
BR0208,Bond Motors,1177
BR0260,"Austin, Rover Motors",1178
BR0309,Caterham Motors,1179
BR1128,LuAZ Motors,1180
BR1348,Morgan Motors,1181
BR1667,Rolls-Royce Motors,1182
BR2312,2008 NRHP-listed,1183
BR2423,Howard Motor Company Building,1184
BR4926,Honda India Motors,1185
BR0391,"Daewoo, Saehan, Chevrolet Korea Motors",1186
BR0751,Healey Motors,1187
BR0769,Heinkel Motors,1188
BR0998,JPX Motors,1189
BR1183,Maserati Motors,1190
BR1313,Mitsubishi Motors,1191
BR1455,Packard Motors,1192
BR2463,Kindel Building,1193
BR4566,Heinkel Motors,1194
BR1108,Lotus Motors,1195
BR1204,"Matra (including Deutsch-Bonnet, René Bonnet) Motors",1196
BR13326,Wolseley  Motors,1197
BR1372,Naza Motors,1198
BR1758,Scion Motors,1199
BR1887,Sunbeam Motors,1200
BR2214,Riley  Motors,1201
BR7986,Monteverdi Motors,1202
BR0515,e.GO Mobile Motors,1203
BR0661,FSO Motors,1204
BR1021,KTM Motors,1205
BR1268,Merkur Motors,1206
BR13266,Riley  Motors,1207
BR2151,Maybach  Motors,1208
BR2300,Zion Automobils,1209
BR2382,Claremore Auto Dealership,1210
BR0010,AC Cars Motors,1211
BR0051,Alvis Motors,1212
BR0341,Chrysler Motors,1213
BR0384,Dacia Motors,1214
BR0569,Fiat Motors,1215
BR14646,Jennings Ford Automobile Dealership,1216
BR1562,Polestar Motors,1217
BR1872,Subaru Motors,1218
BR2128,DKW Motors,1219
BR2197,Morris  Motors,1220
BR2253,Das Motors,1221
BR2315,2008 NRHP-listed,1222
BR0443,Delahaye Motors,1223
BR0925,Iso Motors,1224
BR1019,Koenigsegg Motors,1225
BR1411,NSU Motors,1226
BR1733,Santana Motors,1227
BR1745,Saturn Motors,1228
BR1962,Toyota India Motors,1229
BR2251,Das Motors,1230
BR0102,Artega Motors,1231
BR0745,Gumpert Motors,1232
BR0858,Hummer Motors,1233
BR0917,Isdera Motors,1234
BR1171,Maruti Motors,1235
BR1247,Mercedes-Benz (including Maybach) Motors,1236
BR1831,Spyker Motors,1237
BR2448,Jennings Ford Automobile Dealership,1238
BR0173,Bentley Motors,1239
BR0249,Austin-Healey Motors,1240
BR0619,Ford Australia Motors,1241
BR1118,LTI Motors,1242
BR1294,Micro Motors,1243
BR1593,Premier Motors,1244
BR1712,San Motors,1245
BR1728,Santa Matilde Motors,1246
BR2409,Colman Automotive Building,1247
BR8586,Oltcit Motors,1248
BR0402,DAF Motors,1249
BR0542,Facel Vega Motors,1250
BR11646,Tornado Motors,1251
BR1467,Pagani Motors,1252
BR2321,Blankinship Motor Company Building,1253
BR7026,Maruti Motors,1254
BR0295,Cadillac Motors,1255
BR0641,Ford India Motors,1256
BR0715,Glas Motors,1257
BR0975,Jeep Motors,1258
BR1004,Kia Motors,1259
BR1610,Proton Motors,1260
BR1741,Saturn Motors,1261
BR2053,Volvo Motors,1262
BR2340,Bohn Motor Company Automobile Dealership,1263
BR0042,Alpine Motors,1264
BR0311,Checker Motors,1265
BR0482,Dodge Motors,1266
BR0870,Hyundai Motors,1267
BR1362,Nash Motors,1268
BR1571,"Pontiac, Asüna Motors",1269
BR2370,Casa de cadillac,1270
BR2389,Claremore Auto Dealership,1271
BR3966,FSO Motors,1272
BR6846,Mahindra Motors,1273
BR7806,Mini Motors,1274
BR0420,Daihatsu Motors,1275
BR0667,FSO Motors,1276
BR0742,Gumpert Motors,1277
BR0822,Honda India Motors,1278
BR0981,Jensen Motors,1279
BR1052,Lancia Motors,1280
BR1194,Mastretta Motors,1281
BR1620,Puma Motors,1282
BR1761,Seat Motors,1283
BR1925,Tazzari Motors,1284
BR1933,Tesla Motors,1285
BR2045,Volkswagen South Africa Motors,1286
BR2469,Kindel Building,1287
BR8706,Packard Motors,1288
BR9306,Plymouth Motors,1289
BR0015,Acura Motors,1290
BR0217,Borgward (including Goliath and Lloyd) Motors,1291
BR0283,Bytom Motors,1292
BR1274,Messerschmitt Motors,1293
BR1431,Oltcit Motors,1294
BR1451,Packard Motors,1295
BR1554,Plymouth Motors,1296
BR2049,Volkswagen South Africa Motors,1297
BR2088,Zastava Motors,1298
BR2107,ZIL Motors,1299
BR2305,Atlantic Motor Company,1300
BR5586,Isotta Fraschini Motors,1301
BR0290,Bytom Motors,1302
BR0474,De Tomaso Motors,1303
BR0940,Isotta Fraschini Motors,1304
BR2202,Austin  Motors,1305
BR6246,Lamborghini Motors,1306
BR0179,Bentley Motors,1307
BR0797,Hindustan Motors,1308
BR1261,Merkur Motors,1309
BR1575,"Pontiac, Asüna Motors",1310
BR2114,Audi Motors,1311
BR2208,Austin  Motors,1312
BR0087,Ariel Motors,1313
BR0117,Asia Motors Motors,1314
BR0181,Bitter Motors,1315
BR0183,Bitter Motors,1316
BR0464,DeSoto Motors,1317
BR0633,Ford Europe Motors,1318
BR8946,Panther Motors,1319
BR0643,Ford India Motors,1320
BR1086,Bitter Motors,1321
BR1465,Pagani Motors,1322
BR1489,Panoz Motors,1323
BR1643,Renault Motors,1324
BR1765,Seat Motors,1325
BR0090,Ariel Motors,1326
BR0487,Dodge Motors,1327
BR1020,Koenigsegg Motors,1328
BR1073,Lexus Motors,1329
BR1102,Lotus Motors,1330
BR12306,Volvo Motors,1331
BR1682,SAIC Motor Motors,1332
BR1702,Samsung Motors,1333
BR1938,Tesla Motors,1334
BR1958,Toyota Motors,1335
BR2173,Lagonda  Motors,1336
BR0379,Cizeta-Moroder Motors,1337
BR0687,Geo Motors,1338
BR0767,Heinkel Motors,1339
BR14106,Cadillac Automobile Company Building,1340
BR1454,Packard Motors,1341
BR1642,Renault Motors,1342
BR1652,Rivian Motors,1343
BR2052,Volvo Motors,1344
BR2157,Maybach  Motors,1345
BR2182,MG  Motors,1346
BR3666,Ford Australia Motors,1347
BR0668,FSO Motors,1348
BR0719,Glas Motors,1349
BR1079,Lexus Motors,1350
BR1299,Micro Motors,1351
BR1685,SAIC Motor Motors,1352
BR1720,San Motors,1353
BR1729,Santa Matilde Motors,1354
BR2079,Wiesmann Motors,1355
BR2163,Izh  Motors,1356
BR2414,H Street Playhouse,1357
BR6966,Marlin Motors,1358
BR0819,Honda Motors,1359
BR1214,Mazda Motors,1360
BR1911,Tatra Motors,1361
BR2166,Citroën Motors,1362
BR2175,Lagonda  Motors,1363
BR2198,Morris  Motors,1364
BR6126,KTM Motors,1365
BR0400,"Daewoo, Saehan, Chevrolet Korea Motors",1366
BR0527,Eicher Polaris Motors,1367
BR1103,Lotus Motors,1368
BR13686,Herald Motors,1369
BR1815,Skoda Motors,1370
BR0414,Daihatsu Motors,1371
BR0444,Delahaye Motors,1372
BR0959,Iveco Motors,1373
BR1058,Lancia Motors,1374
BR1338,Monteverdi Motors,1375
BR1388,Nissan Motors,1376
BR1854,Standard-Triumph Motors,1377
BR2270,Ramani Motors,1378
BR2278,Deccan Motors,1379
BR2287,Herald Motors,1380
BR2324,Blankinship Motor Company Building,1381
BR0280,Buick Motors,1382
BR0631,Ford Europe Motors,1383
BR0702,Ginetta Motors,1384
BR0942,Isuzu Motors,1385
BR1151,Marcos Motors,1386
BR2121,DKW Motors,1387
BR2174,Lagonda  Motors,1388
BR2886,Dodge Motors,1389
BR0213,Borgward (including Goliath and Lloyd) Motors,1390
BR0680,GAZ Motors,1391
BR1075,Lexus Motors,1392
BR1207,"Matra (including Deutsch-Bonnet, René Bonnet) Motors",1393
BR1507,Peel Motors,1394
BR2080,Wiesmann Motors,1395
BR0454,DeLorean Motors,1396
BR0974,Jeep Motors,1397
BR1026,Bentley Motors,1398
BR13566,Ramani Motors,1399
BR1457,Packard Motors,1400
BR1684,SAIC Motor Motors,1401
BR2301,Atlantic Motor Company,1402
BR2310,Atlantic Motor Company,1403
BR2384,Claremore Auto Dealership,1404
BR2454,Jones Motor Company,1405
BR0186,Alfa Romeo Motors,1406
BR0834,Hudson Motors,1407
BR0904,Invicta Motors,1408
BR0907,Invicta Motors,1409
BR1200,Mastretta Motors,1410
BR1889,Sunbeam Motors,1411
BR2140,Horch Motors,1412
BR2177,Lagonda  Motors,1413
BR0810,Holden Motors,1414
BR1530,Peugeot Motors,1415
BR1638,Reliant Motors,1416
BR1779,Shelby SuperCars Motors,1417
BR1928,Tazzari Motors,1418
BR1954,Toyota Motors,1419
BR1998,UAZ Motors,1420
BR2355,Cadillac Automobile Company Building,1421
BR2359,Cadillac Automobile Company Building,1422
BR0012,Acura Motors,1423
BR0578,Fiat do Brasil Motors,1424
BR0748,Gumpert Motors,1425
BR1386,British Leyland Motors,1426
BR1868,Studebaker Motors,1427
BR1930,Tazzari Motors,1428
BR0427,Daimler Motors,1429
BR0924,Iso Motors,1430
BR0949,Isuzu Motors,1431
BR1001,Kia Motors,1432
BR1157,Marcos Motors,1433
BR1165,Marlin Motors,1434
BR1188,Maserati Motors,1435
BR1513,Perodua Motors,1436
BR1751,Scion Motors,1437
BR2029,Volkswagen Motors,1438
BR2060,Volvo Motors,1439
BR2137,Horch Motors,1440
BR0403,DAF Motors,1441
BR0645,Ford India Motors,1442
BR0893,Innocenti Motors,1443
BR1170,Marlin Motors,1444
BR1371,Naza Motors,1445
BR1858,Standard-Triumph Motors,1446
BR2419,H Street Playhouse,1447
BR3066,e.GO Mobile Motors,1448
BR0061,"AMC, Eagle Motors",1449
BR0323,Chevrolet Motors,1450
BR1475,Panhard Motors,1451
BR1908,Tata Motors,1452
BR2220,Riley  Motors,1453
BR2286,Dacia Motors,1454
BR2431,Hupmobile Building,1455
BR0332,Chevrolet India Motors,1456
BR0551,Ferrari Motors,1457
BR0969,Jaguar Motors,1458
BR1172,Maruti Motors,1459
BR1203,"Matra (including Deutsch-Bonnet, René Bonnet) Motors",1460
BR1543,Piaggio Motors,1461
BR1588,Porsche Motors,1462
BR1800,Simca do Brasil Motors,1463
BR1839,Spyker Motors,1464
BR0221,Bristol Motors,1465
BR0422,Daimler Motors,1466
BR0450,Delahaye Motors,1467
BR0669,FSO Motors,1468
BR0712,Glas Motors,1469
BR0804,Holden Motors,1470
BR0844,Humber Motors,1471
BR0970,Jaguar Motors,1472
BR1092,Lincoln Motors,1473
BR1184,Maserati Motors,1474
BR1251,Mercury Motors,1475
BR1287,Mia Motors,1476
BR1582,Porsche Motors,1477
BR1787,Simca Motors,1478
BR2395,Clemens Automobile Company Building,1479
BR0265,Bugatti Motors,1480
BR0305,Caterham Motors,1481
BR0860,Hummer Motors,1482
BR1023,KTM Motors,1483
BR1037,Lada Motors,1484
BR10446,Saturn Motors,1485
BR4386,GTA Spano Motors,1486
BR0060,Alvis Motors,1487
BR0123,Aston Martin Motors,1488
BR0239,British Leyland Motors,1489
BR0306,Alvis Motors,1490
BR10026,Saab Motors,1491
BR1217,Mazda Motors,1492
BR1914,Tatra Motors,1493
BR2113,Audi Motors,1494
BR4626,Hennessey Motors,1495
BR0381,Dacia Motors,1496
BR0629,Ford do Brasil Motors,1497
BR1060,Lancia Motors,1498
BR1145,Mahindra Motors,1499
BR1229,Mazzanti Motors,1500
BR1252,Mercury Motors,1501
BR1602,Proton Motors,1502
BR1793,Simca do Brasil Motors,1503
BR2130,DKW Motors,1504
BR2411,H Street Playhouse,1505
BR0215,Borgward (including Goliath and Lloyd) Motors,1506
BR0329,Chevrolet Motors,1507
BR0441,Delahaye Motors,1508
BR1059,Lancia Motors,1509
BR13386,Standard  Motors,1510
BR1590,Porsche Motors,1511
BR1647,Renault Motors,1512
BR1777,Shelby SuperCars Motors,1513
BR2040,Volkswagen do Brasil Motors,1514
BR2164,Izh  Motors,1515
BR0483,Dodge Motors,1516
BR0739,GTA Spano Motors,1517
BR0987,Jensen Motors,1518
BR1129,LuAZ Motors,1519
BR12126,Volkswagen Motors,1520
BR1275,Messerschmitt Motors,1521
BR1495,Panther Motors,1522
BR1657,Rivian Motors,1523
BR1686,Bytom Motors,1524
BR0228,Bristol Motors,1525
BR0272,Buick Motors,1526
BR10386,Santana Motors,1527
BR1080,Lexus Motors,1528
BR1148,Mahindra Motors,1529
BR1150,Mahindra Motors,1530
BR1370,Nash Motors,1531
BR1673,Saab Motors,1532
BR0324,Chevrolet Motors,1533
BR0815,Honda Motors,1534
BR0985,Jensen Motors,1535
BR1127,LuAZ Motors,1536
BR12606,ZIL Motors,1537
BR1655,Rivian Motors,1538
BR1841,SsangYong Motors,1539
BR2118,Audi Motors,1540
BR2368,Casa de cadillac,1541
BR0277,Buick Motors,1542
BR0827,Honda India Motors,1543
BR1365,Nash Motors,1544
BR1784,Simca Motors,1545
BR2190,MG  Motors,1546
BR5226,"IFA (including Trabant, Wartburg, Barkas) Motors",1547
BR0188,Bitter Motors,1548
BR0432,Datsun Motors,1549
BR1701,Samsung Motors,1550
BR2009,Vauxhall Motors,1551
BR2030,Volkswagen Motors,1552
BR2058,Volvo Motors,1553
BR2271,Deccan Motors,1554
BR2303,Atlantic Motor Company,1555
BR2357,Cadillac Automobile Company Building,1556
BR0003,AC Cars Motors,1557
BR0050,Alpine Motors,1558
BR0227,Bristol Motors,1559
BR0521,Eicher Polaris Motors,1560
BR0620,Ford Australia Motors,1561
BR0623,Ford do Brasil Motors,1562
BR0807,Holden Motors,1563
BR1450,Opel Motors,1564
BR1971,Turner Motors,1565
BR1987,TVR Motors,1566
BR2119,Audi Motors,1567
BR0072,Anadol Motors,1568
BR0078,Anadol Motors,1569
BR0081,Ariel Motors,1570
BR0118,Asia Motors Motors,1571
BR0180,Bentley Motors,1572
BR0203,Bond Motors,1573
BR1138,Lynx Motors,1574
BR1238,McLaren Motors,1575
BR2346,"Daewoo, Saehan, Chevrolet Korea Motors",1576
BR6006,Kia Motors,1577
BR0047,Alpine Motors,1578
BR0253,"Austin, Rover Motors",1579
BR0601,Ford America Motors,1580
BR0833,Hudson Motors,1581
BR10806,Singer Motors,1582
BR1158,Marcos Motors,1583
BR1502,Peel Motors,1584
BR1555,Plymouth Motors,1585
BR1611,Puma Motors,1586
BR1635,Reliant Motors,1587
BR1852,Standard-Triumph Motors,1588
BR1980,Turner Motors,1589
BR2028,Volkswagen Motors,1590
BR2229,Wolseley  Motors,1591
BR2338,Bohn Motor Company Automobile Dealership,1592
BR8286,Nissan Motors,1593
BR0043,Alpine Motors,1594
BR0194,BMW Motors,1595
BR0695,Gilbern Motors,1596
BR1028,KTM Motors,1597
BR1178,Maruti Motors,1598
BR1669,Rolls-Royce Motors,1599
BR2330,Blankinship Motor Company Building,1600
BR2358,Cadillac Automobile Company Building,1601
BR0704,Ginetta Motors,1602
BR0721,GMC Motors,1603
BR0838,Hudson Motors,1604
BR10146,Saleen Motors,1605
BR1087,Ligier Motors,1606
BR1266,Borgward (including Goliath and Lloyd) Motors,1607
BR2331,Bohn Motor Company Automobile Dealership,1608
BR2345,Buick Automobile Company Building,1609
BR2347,Buick Automobile Company Building,1610
BR0205,Bond Motors,1611
BR0278,Buick Motors,1612
BR0333,Chevrolet India Motors,1613
BR0412,Daihatsu Motors,1614
BR0460,DeLorean Motors,1615
BR0520,e.GO Mobile Motors,1616
BR0726,Aston Martin Motors,1617
BR0837,Hudson Motors,1618
BR0908,Invicta Motors,1619
BR11286,Sunbeam Motors,1620
BR1480,Panhard Motors,1621
BR0165,Auverland Motors,1622
BR0600,"Fisker, Karma Motors",1623
BR0979,Jeep Motors,1624
BR1035,Lada Motors,1625
BR1210,"Matra (including Deutsch-Bonnet, René Bonnet) Motors",1626
BR1264,Merkur Motors,1627
BR1559,Plymouth Motors,1628
BR1573,"Pontiac, Asüna Motors",1629
BR2450,Jennings Ford Automobile Dealership,1630
BR0083,Ariel Motors,1631
BR0161,Auverland Motors,1632
BR0197,BMW Motors,1633
BR0481,Dodge Motors,1634
BR0567,Fiat Motors,1635
BR0945,Isuzu Motors,1636
BR11406,Tata Motors,1637
BR1521,Peugeot Motors,1638
BR1814,Skoda Motors,1639
BR2007,Vauxhall Motors,1640
BR2405,Colman Automotive Building,1641
BR0655,Freightliner Motors,1642
BR0964,Jaguar Motors,1643
BR1013,Koenigsegg Motors,1644
BR1834,Spyker Motors,1645
BR1835,Spyker Motors,1646
BR0200,BMW Motors,1647
BR0240,British Leyland Motors,1648
BR0657,Freightliner Motors,1649
BR0665,FSO Motors,1650
BR0698,Gilbern Motors,1651
BR0741,Gumpert Motors,1652
BR1113,LTI Motors,1653
BR1198,Mastretta Motors,1654
BR1253,Mercury Motors,1655
BR1807,Singer Motors,1656
BR1897,Suzuki Motors,1657
BR1905,Tata Motors,1658
BR2000,UAZ Motors,1659
BR6366,Land Rover Motors,1660
BR0055,Alvis Motors,1661
BR0902,Invicta Motors,1662
BR1110,Lotus Motors,1663
BR1511,Perodua Motors,1664
BR2152,Maybach  Motors,1665
BR2444,Jennings Ford Automobile Dealership,1666
BR0066,Acura Motors,1667
BR0294,Cadillac Motors,1668
BR0814,Honda Motors,1669
BR0839,Hudson Motors,1670
BR0873,"IFA (including Trabant, Wartburg, Barkas) Motors",1671
BR11826,Turner Motors,1672
BR1189,Maserati Motors,1673
BR1259,Mercury Motors,1674
BR1808,Singer Motors,1675
BR2004,Vauxhall Motors,1676
BR2027,Volkswagen Motors,1677
BR0317,Checker Motors,1678
BR1333,Monteverdi Motors,1679
BR1651,Rivian Motors,1680
BR1803,Singer Motors,1681
BR2103,ZIL Motors,1682
BR2132,Horch Motors,1683
BR2260,Das Motors,1684
BR2350,Buick Automobile Company Building,1685
BR2421,Howard Motor Company Building,1686
BR0071,Anadol Motors,1687
BR0160,Auto-Union Motors,1688
BR0175,Bentley Motors,1689
BR0413,Daihatsu Motors,1690
BR0635,Ford Europe Motors,1691
BR0693,Gilbern Motors,1692
BR0734,GTA Spano Motors,1693
BR1663,Rolls-Royce Motors,1694
BR1874,Subaru Motors,1695
BR2122,DKW Motors,1696
BR8886,Panoz Motors,1697
BR0192,BMW Motors,1698
BR0255,"Austin, Rover Motors",1699
BR0637,Ford Europe Motors,1700
BR0757,Healey Motors,1701
BR0965,Jaguar Motors,1702
BR1078,Lexus Motors,1703
BR1262,Merkur Motors,1704
BR1352,Moskwitch Motors,1705
BR1448,Opel Motors,1706
BR1631,Reliant Motors,1707
BR1633,Reliant Motors,1708
BR1665,Rolls-Royce Motors,1709
BR2169,Izh  Motors,1710
BR2272,Deccan Motors,1711
BR2318,2008 NRHP-listed,1712
BR1224,Mazzanti Motors,1713
BR1339,Monteverdi Motors,1714
BR1699,Saleen Motors,1715
BR1739,Santana Motors,1716
BR1972,Turner Motors,1717
BR2439,Hupmobile Building,1718
BR0052,Alvis Motors,1719
BR0119,Asia Motors Motors,1720
BR0723,GMC Motors,1721
BR1167,Marlin Motors,1722
BR1545,Piaggio Motors,1723
BR2401,Colman Automotive Building,1724
BR2586,Datsun Motors,1725
BR0419,Daihatsu Motors,1726
BR0867,Hyundai Motors,1727
BR1770,Seat Motors,1728
BR1824,Smart Motors,1729
BR2348,Buick Automobile Company Building,1730
BR0185,Bitter Motors,1731
BR0455,DeLorean Motors,1732
BR0692,Gilbern Motors,1733
BR0790,Hillman Motors,1734
BR0955,Iveco Motors,1735
BR0978,Jeep Motors,1736
BR1420,NSU Motors,1737
BR1522,Peugeot Motors,1738
BR1719,San Motors,1739
BR2335,Bohn Motor Company Automobile Dealership,1740
BR1499,Panther Motors,1741
BR3906,Freightliner Motors,1742
BR6186,Lada Motors,1743
BR0299,Cadillac Motors,1744
BR0438,Datsun Motors,1745
BR1629,Ranger Motors,1746
BR1941,Tornado Motors,1747
BR2032,Volkswagen do Brasil Motors,1748
BR2057,Volvo Motors,1749
BR2241,Talbot  Motors,1750
BR0191,BMW Motors,1751
BR0537,Elva Motors,1752
BR1623,Ranger Motors,1753
BR2284,Herald Motors,1754
BR0035,Alfa Romeo Motors,1755
BR0785,Hillman Motors,1756
BR0818,Honda Motors,1757
BR1137,Lynx Motors,1758
BR1146,BMW Motors,1759
BR1759,Scion Motors,1760
BR2375,Cass Motor Sales,1761
BR3426,Fiat do Brasil Motors,1762
BR0613,Ford Australia Motors,1763
BR1205,"Matra (including Deutsch-Bonnet, René Bonnet) Motors",1764
BR1515,Perodua Motors,1765
BR1618,Puma Motors,1766
BR2766,DeSoto Motors,1767
BR0127,Aston Martin Motors,1768
BR1447,Opel Motors,1769
BR1823,Smart Motors,1770
BR2259,Das Motors,1771
BR0199,BMW Motors,1772
BR0201,Bond Motors,1773
BR0237,British Leyland Motors,1774
BR0493,Donkervoort Motors,1775
BR1041,Lamborghini Motors,1776
BR1485,Panoz Motors,1777
BR1527,Peugeot Motors,1778
BR2417,H Street Playhouse,1779
BR7266,Mazda Motors,1780
BR0128,Aston Martin Motors,1781
BR0234,British Leyland Motors,1782
BR1029,KTM Motors,1783
BR1125,LuAZ Motors,1784
BR1219,Mazda Motors,1785
BR1421,Oldsmobile Motors,1786
BR1523,Peugeot Motors,1787
BR1764,Seat Motors,1788
BR2195,Morris  Motors,1789
BR2200,Morris  Motors,1790
BR2317,2008 NRHP-listed,1791
BR0028,Aixam-Mega (including Arola) Motors,1792
BR0038,Alfa Romeo Motors,1793
BR0872,"IFA (including Trabant, Wartburg, Barkas) Motors",1794
BR0898,Innocenti Motors,1795
BR0912,Isdera Motors,1796
BR1005,Kia Motors,1797
BR1147,Mahindra Motors,1798
BR1999,UAZ Motors,1799
BR2023,Volkswagen Motors,1800
BR2108,ZIL Motors,1801
BR2341,Buick Automobile Company Building,1802
BR2344,Buick Automobile Company Building,1803
BR0008,AC Cars Motors,1804
BR0445,Delahaye Motors,1805
BR1493,Panther Motors,1806
BR1754,Scion Motors,1807
BR2059,Volvo Motors,1808
BR0024,Aixam-Mega (including Arola) Motors,1809
BR0524,Eicher Polaris Motors,1810
BR1218,Mazda Motors,1811
BR1482,Panoz Motors,1812
BR1687,SAIC Motor Motors,1813
BR1838,Spyker Motors,1814
BR1902,Tata Motors,1815
BR1977,Turner Motors,1816
BR2201,Austin  Motors,1817
BR2374,Cass Motor Sales,1818
BR1175,Maruti Motors,1819
BR1544,Piaggio Motors,1820
BR1641,Renault Motors,1821
BR0214,Borgward (including Goliath and Lloyd) Motors,1822
BR0588,Fiat India Motors,1823
BR1049,Lamborghini Motors,1824
BR1727,Santa Matilde Motors,1825
BR2105,ZIL Motors,1826
BR0369,Citroën Motors,1827
BR0555,Ferrari Motors,1828
BR0615,Ford Australia Motors,1829
BR0840,Hudson Motors,1830
BR1121,LuAZ Motors,1831
BR1314,Mitsubishi Motors,1832
BR1563,Polestar Motors,1833
BR2239,Standard  Motors,1834
BR2339,Bohn Motor Company Automobile Dealership,1835
BR2393,Clemens Automobile Company Building,1836
BR9666,Puma Motors,1837
BR9726,Power Ranger Motors,1838
BR9546,Premier Motors,1839
XYZ9726,DataFam Motors,1840
